[{"elements":[{"options":[],"codename":"url","name":"URL","type":"url_slug"},{"options":[],"codename":"description","name":"Description","type":"rich_text"},{"options":[],"codename":"api_reference","taxonomyGroup":"api_reference","name":"API reference","type":"taxonomy"},{"options":[],"codename":"name","name":"Name","type":"text"}],"system":{"codename":"api_category","id":"a7e32611-6ca7-49d9-8fdf-080c1cfc9823","name":"API Category"}},{"elements":[{"options":[],"codename":"name","name":"Name","type":"text"},{"options":[],"codename":"email","name":"Email","type":"text"},{"options":[],"codename":"url","name":"URL","type":"text"},{"options":[],"codename":"api_reference","taxonomyGroup":"api_reference","name":"API reference","type":"taxonomy"}],"system":{"codename":"api_contact","id":"bcaff65c-8e79-44de-bc80-770a32a29fe9","name":"API Contact"}},{"elements":[{"options":[],"codename":"mapping","name":"Mapping","type":"rich_text"},{"options":[],"codename":"property_name","name":"Property name","type":"text"}],"system":{"codename":"api_discriminator","id":"0ae1b8c6-350f-48ca-8dd1-419f99d0c484","name":"API Discriminator"}},{"elements":[{"options":[],"codename":"discriminator_value","name":"Discriminator value","type":"text"},{"options":[],"codename":"schema","name":"Schema","type":"modular_content"}],"system":{"codename":"api_discriminator__map_item","id":"43e15e2b-17d4-4e6c-aae2-7600f2e21181","name":"API Discriminator: Map item"}},{"elements":[{"options":[],"codename":"api_reference","taxonomyGroup":"api_reference","name":"API reference","type":"taxonomy"},{"options":[],"codename":"url","name":"URL","type":"text"},{"options":[],"codename":"name","name":"Name","type":"text"}],"system":{"codename":"api_license","id":"761f0787-456a-4d84-ba8d-6f6396467527","name":"API License"}},{"elements":[{"options":[],"codename":"schema","name":"Schema","type":"modular_content"},{"options":[{"name":"true","codename":"true"},{"name":"false","codename":"false"}],"codename":"explode","name":"Explode","type":"multiple_choice"},{"options":[],"codename":"api_reference","taxonomyGroup":"api_reference","name":"API reference","type":"taxonomy"},{"options":[],"codename":"description","name":"Description","type":"rich_text"},{"options":[],"codename":"name","name":"Name","type":"text"},{"options":[{"name":"true","codename":"true"}],"codename":"deprecated","name":"Deprecated","type":"multiple_choice"},{"options":[{"name":"matrix","codename":"matrix"},{"name":"label","codename":"label"},{"name":"form","codename":"form"},{"name":"simple","codename":"simple"},{"name":"spaceDelimited","codename":"spacedelimited"},{"name":"pipeDelimited","codename":"pipedelimited"},{"name":"deepObject","codename":"deepobject"}],"codename":"style","name":"Style","type":"multiple_choice"},{"options":[],"codename":"example","name":"Example","type":"text"},{"options":[{"name":"true","codename":"true"}],"codename":"required","name":"Required","type":"multiple_choice"},{"options":[{"name":"query","codename":"query"},{"name":"header","codename":"header"},{"name":"path","codename":"path"},{"name":"cookie","codename":"cookie"}],"codename":"in","name":"In","type":"multiple_choice"}],"system":{"codename":"api_parameter","id":"7b98da9b-612a-4e1f-a51f-4d5cb6c1d627","name":"API Parameter"}},{"elements":[{"options":[],"codename":"api_reference","taxonomyGroup":"api_reference","name":"API reference","type":"taxonomy"},{"options":[],"codename":"path","name":"Path","type":"text"},{"options":[],"codename":"path_operations","name":"Path operations","type":"modular_content"}],"system":{"codename":"api_path","id":"d9cba356-6115-4303-b66f-d2a41ab54bc1","name":"API Path"}},{"elements":[{"options":[],"codename":"request_body","name":"Request body","type":"rich_text"},{"options":[],"codename":"summary","name":"Summary","type":"text"},{"options":[{"name":"true","codename":"true"}],"codename":"deprecated","name":"Deprecated","type":"multiple_choice"},{"options":[],"codename":"code_samples","name":"Code samples","type":"modular_content"},{"options":[],"codename":"api_reference","taxonomyGroup":"api_reference","name":"API reference","type":"taxonomy"},{"options":[],"codename":"parameters","name":"Parameters","type":"modular_content"},{"options":[],"codename":"description","name":"Description","type":"rich_text"},{"options":[],"codename":"path_operation","taxonomyGroup":"path_operation","name":"Path operation","type":"taxonomy"},{"options":[],"codename":"url","name":"URL","type":"url_slug"},{"options":[],"codename":"category","name":"Category","type":"modular_content"},{"options":[],"codename":"responses","name":"Responses","type":"rich_text"}],"system":{"codename":"api_path_operation","id":"5c82a898-c71c-4749-af86-d86f44db2e9d","name":"API Path operation"}},{"elements":[{"options":[],"codename":"name","name":"Name","type":"text"},{"options":[],"codename":"schema","name":"Schema","type":"modular_content"}],"system":{"codename":"api_property_referencing_a_schema","id":"ada36a81-ace0-470c-b232-cb57c1116db7","name":"API Property referencing a schema"}},{"elements":[{"options":[],"codename":"content_type","name":"Content type","type":"text"},{"options":[{"name":"true","codename":"true"}],"codename":"required","name":"Required","type":"multiple_choice"},{"options":[],"codename":"example","name":"Example","type":"text"},{"options":[],"codename":"description","name":"Description","type":"rich_text"},{"options":[],"codename":"schema","name":"Schema","type":"rich_text"}],"system":{"codename":"api_request_body","id":"972f3102-74f3-470a-83d6-00e189c0e32a","name":"API Request body"}},{"elements":[{"options":[],"codename":"content","name":"Content","type":"rich_text"},{"options":[],"codename":"headers","name":"Headers","type":"modular_content"},{"options":[],"codename":"description","name":"Description","type":"rich_text"},{"options":[],"codename":"api_reference","taxonomyGroup":"api_reference","name":"API reference","type":"taxonomy"}],"system":{"codename":"api_response","id":"b333993b-5340-4b1b-bbd4-d0ddea816420","name":"API Response"}},{"elements":[{"options":[{"name":"200","codename":"n200"},{"name":"201","codename":"n201"},{"name":"204","codename":"n204"},{"name":"400","codename":"n400"},{"name":"401","codename":"n401"},{"name":"403","codename":"n403"},{"name":"404","codename":"n404"},{"name":"429","codename":"n429"},{"name":"500","codename":"n500"}],"codename":"http_status","name":"HTTP status","type":"multiple_choice"},{"options":[],"codename":"response","name":"Response","type":"rich_text"}],"system":{"codename":"api_response_container","id":"57abc8c7-f190-4784-990b-1aaffba84887","name":"API Response container"}},{"elements":[{"options":[],"codename":"example","name":"Example","type":"text"},{"options":[],"codename":"schema","name":"Schema","type":"rich_text"},{"options":[],"codename":"content_type","name":"Content type","type":"text"}],"system":{"codename":"api_response_content","id":"c31e40b4-9ead-4279-9c60-c1e7c2f60bf6","name":"API Response content"}},{"elements":[{"options":[],"codename":"description","name":"Description","type":"rich_text"},{"options":[],"codename":"name","name":"Name","type":"text"},{"options":[],"codename":"schemas","name":"Schemas","type":"rich_text"},{"options":[],"codename":"example","name":"Example","type":"text"}],"system":{"codename":"api_schema__allof","id":"62ec8940-8f55-4e48-9d35-d886e7e58147","name":"API Schema: allOf"}},{"elements":[{"options":[],"codename":"items","name":"Items","type":"rich_text"},{"options":[{"name":"true","codename":"true"}],"codename":"uniqueitems","name":"UniqueItems","type":"multiple_choice"},{"options":[],"codename":"example","name":"Example","type":"text"},{"options":[],"codename":"name","name":"Name","type":"text"},{"options":[],"codename":"description","name":"Description","type":"rich_text"}],"system":{"codename":"api_schema__array","id":"396f29eb-c69a-47de-9836-083d1ee8603e","name":"API Schema: Array"}},{"elements":[{"options":[],"codename":"name","name":"Name","type":"text"},{"options":[{"name":"true","codename":"true"}],"codename":"readonly","name":"ReadOnly","type":"multiple_choice"},{"options":[],"codename":"description","name":"Description","type":"rich_text"},{"options":[{"name":"true","codename":"true"}],"codename":"writeonly","name":"WriteOnly","type":"multiple_choice"},{"options":[],"codename":"example","name":"Example","type":"text"},{"options":[{"name":"true","codename":"true"}],"codename":"nullable","name":"Nullable","type":"multiple_choice"}],"system":{"codename":"api_schema__boolean","id":"7482395b-0efc-4826-8516-ddf83b8087ad","name":"API Schema: Boolean"}},{"elements":[{"options":[{"name":"true","codename":"true"}],"codename":"readonly","name":"ReadOnly","type":"multiple_choice"},{"options":[],"codename":"minimum","name":"Minimum","type":"number"},{"options":[],"codename":"description","name":"Description","type":"rich_text"},{"options":[],"codename":"format","name":"Format","type":"text"},{"options":[{"name":"true","codename":"true"}],"codename":"nullable","name":"Nullable","type":"multiple_choice"},{"options":[],"codename":"name","name":"Name","type":"text"},{"options":[{"name":"true","codename":"true"}],"codename":"writeonly","name":"WriteOnly","type":"multiple_choice"},{"options":[],"codename":"example","name":"Example","type":"text"},{"options":[],"codename":"accepted_values","name":"Accepted values","type":"text"},{"options":[],"codename":"default","name":"Default","type":"number"},{"options":[],"codename":"maximum","name":"Maximum","type":"number"}],"system":{"codename":"api_schema__integer","id":"85ed4fb1-5429-4951-bcc9-8fc2444ed5f9","name":"API Schema: Integer"}},{"elements":[{"options":[],"codename":"name","name":"Name","type":"text"},{"options":[],"codename":"example","name":"Example","type":"text"},{"options":[],"codename":"additionalproperties","name":"AdditionalProperties","type":"modular_content"},{"options":[],"codename":"properties","name":"Properties","type":"rich_text"},{"options":[],"codename":"api_reference","taxonomyGroup":"api_reference","name":"API reference","type":"taxonomy"},{"options":[],"codename":"required","name":"Required","type":"text"},{"options":[],"codename":"description","name":"Description","type":"rich_text"}],"system":{"codename":"api_schema__object","id":"fa8d7fe1-ff3a-4b41-af78-767bac792088","name":"API Schema: Object"}},{"elements":[{"options":[],"codename":"discriminator","name":"Discriminator","type":"rich_text"},{"options":[],"codename":"api_reference","taxonomyGroup":"api_reference","name":"API reference","type":"taxonomy"},{"options":[],"codename":"example","name":"Example","type":"text"},{"options":[],"codename":"schemas","name":"Schemas","type":"modular_content"},{"options":[],"codename":"description","name":"Description","type":"rich_text"},{"options":[],"codename":"name","name":"Name","type":"text"}],"system":{"codename":"api_schema__oneof","id":"f3d66712-e1fb-44b8-aaad-624cf31e25a8","name":"API Schema: oneOf"}},{"elements":[{"options":[],"codename":"name","name":"Name","type":"text"},{"options":[],"codename":"default","name":"Default","type":"text"},{"options":[],"codename":"example","name":"Example","type":"text"},{"options":[{"name":"true","codename":"true"}],"codename":"nullable","name":"Nullable","type":"multiple_choice"},{"options":[],"codename":"description","name":"Description","type":"rich_text"},{"options":[],"codename":"format","name":"Format","type":"text"},{"options":[{"name":"true","codename":"true"}],"codename":"readonly","name":"ReadOnly","type":"multiple_choice"},{"options":[{"name":"true","codename":"true"}],"codename":"writeonly","name":"WriteOnly","type":"multiple_choice"},{"options":[],"codename":"accepted_values","name":"Accepted values","type":"text"},{"options":[],"codename":"maxlength","name":"MaxLength","type":"number"},{"options":[],"codename":"minlength","name":"MinLength","type":"number"}],"system":{"codename":"api_schema__string","id":"d4165a70-bb20-4474-8552-2b126df0917c","name":"API Schema: String"}},{"elements":[{"options":[],"codename":"scheme","name":"Scheme","type":"text"},{"options":[],"codename":"scheme_name","name":"Scheme name","type":"text"},{"options":[{"name":"apiKey","codename":"apikey"},{"name":"http","codename":"http"},{"name":"oauth2","codename":"oauth2"},{"name":"openIdConnect","codename":"openidconnect"}],"codename":"type","name":"Type","type":"multiple_choice"},{"options":[],"codename":"name","name":"Name","type":"text"},{"options":[],"codename":"description","name":"Description","type":"rich_text"},{"options":[{"name":"query","codename":"query"},{"name":"header","codename":"header"},{"name":"cookie","codename":"cookie"}],"codename":"in","name":"In","type":"multiple_choice"},{"options":[],"codename":"bearerformat","name":"BearerFormat","type":"text"},{"options":[],"codename":"api_reference","taxonomyGroup":"api_reference","name":"API reference","type":"taxonomy"}],"system":{"codename":"api_security_scheme","id":"0ab2ba07-699c-4be5-a545-1d5b70c37c21","name":"API Security scheme"}},{"elements":[{"options":[],"codename":"url","name":"URL","type":"text"},{"options":[],"codename":"description","name":"Description","type":"text"}],"system":{"codename":"api_server","id":"4461c0d9-c7ee-424b-aeef-e180ff9b0bb9","name":"API Server"}},{"elements":[{"options":[],"codename":"license","name":"License","type":"modular_content"},{"options":[],"codename":"security","name":"Security","type":"modular_content"},{"options":[],"codename":"servers","name":"Servers","type":"rich_text"},{"options":[],"codename":"description","name":"Description","type":"rich_text"},{"options":[],"codename":"title","name":"Title","type":"text"},{"options":[],"codename":"feature_release_status","taxonomyGroup":"feature_release_status","name":"Feature release status","type":"taxonomy"},{"options":[],"codename":"api_reference","taxonomyGroup":"api_reference","name":"API reference","type":"taxonomy"},{"options":[],"codename":"terms_of_service","name":"Terms of Service","type":"text"},{"options":[],"codename":"paths","name":"Paths","type":"modular_content"},{"options":[],"codename":"url","name":"URL","type":"url_slug"},{"options":[],"codename":"version","name":"Version","type":"text"},{"options":[],"codename":"contact","name":"Contact","type":"modular_content"},{"options":[],"codename":"categories","name":"Categories","type":"modular_content"}],"system":{"codename":"api_specification","id":"1b5b4d8f-e381-4b6d-b2a3-0353969fd8e6","name":"API specification"}},{"elements":[{"options":[],"codename":"content","name":"Content","type":"rich_text"},{"options":[{"name":"Tip","codename":"tip"},{"name":"Warning","codename":"warning"},{"name":"Note","codename":"note"},{"name":"Info","codename":"info"}],"codename":"type","name":"Type","type":"multiple_choice"}],"system":{"codename":"callout","id":"21058bd6-65e7-4f08-9d25-05a1bb415ee8","name":"Callout"}},{"elements":[{"options":[],"codename":"code","name":"Code","type":"text"},{"options":[],"codename":"programming_language","taxonomyGroup":"programming_language","name":"Programming language","type":"taxonomy"},{"options":[],"codename":"platform","taxonomyGroup":"platform","name":"Platform","type":"taxonomy"}],"system":{"codename":"code_sample","id":"a859cfe6-56d0-4762-a91d-f20b900b6b10","name":"Code sample"}},{"elements":[{"options":[],"codename":"codes","name":"Codes","type":"modular_content"}],"system":{"codename":"code_samples","id":"011e3764-d99f-491d-a043-33290b93f21b","name":"Code samples"}},{"elements":[{"options":[],"codename":"url","name":"URL","type":"text"},{"options":[{"name":"True","codename":"true"},{"name":"False","codename":"false"}],"codename":"zoomable","name":"Zoomable","type":"multiple_choice"},{"options":[{"name":"Show","codename":"show"},{"name":"Hide","codename":"hide"}],"codename":"border","name":"Border","type":"multiple_choice"},{"options":[],"codename":"description","name":"Description","type":"rich_text"},{"options":[{"name":"125%","codename":"n125_"},{"name":"100%","codename":"n100_"},{"name":"75%","codename":"n75_"},{"name":"50%","codename":"n50_"},{"name":"25%","codename":"n25_"}],"codename":"image_width","name":"Image width","type":"multiple_choice"},{"options":[],"codename":"image_asset","name":"Image asset","type":"asset"}],"system":{"codename":"image","id":"b896e57d-14bd-4e31-a9fb-34076c62f396","name":"Image"}}]