[{"codename":"__pid__items","id":"6b8ef58c-e2b4-4ed5-8b38-52755be8624d","name":"/{PID}/items","typeCodename":"api_path"},{"codename":"list_content_items","id":"c102c780-bba8-4a4a-85f3-f759d0009d04","name":"List content items","typeCodename":"api_path_operation"},{"codename":"array_of_strings","id":"0a00be8c-1c36-4619-9518-aa6482108748","name":"Array of strings","typeCodename":"api_schema__array"},{"codename":"basic_string_schema","id":"076d7126-5775-4276-8711-ffdc31edf604","name":"Basic string schema","typeCodename":"api_schema__string"},{"codename":"basic_integer_schema","id":"6507a4aa-8d1f-4e91-8b10-d6abd7ecd76c","name":"Basic integer schema","typeCodename":"api_schema__integer"},{"codename":"contact_information","id":"e191bceb-d1c5-4389-8aae-294ff75f74f2","name":"Contact information","typeCodename":"api_contact"},{"codename":"content_filtering","id":"a1b742bc-c3f6-4a98-9994-146b5fdddde8","name":"Content filtering","typeCodename":"api_category"},{"codename":"content_items","id":"f9033246-152b-4fef-9c45-f084dda8d002","name":"Content items","typeCodename":"api_category"},{"codename":"content_items_listing_response","id":"743aae51-774a-4744-bc6a-aa435f6d1b8e","name":"Content items listing response","typeCodename":"api_response"},{"codename":"delivery_api","id":"ec893565-cf43-496b-81d9-bbcba51357e2","name":"Delivery API","typeCodename":"api_specification"},{"codename":"security","id":"49b19bfb-8409-4028-9c68-01a28548a66b","name":"Security","typeCodename":"api_security_scheme"},{"codename":"delivery_api_production","id":"fec87821-a6af-4238-8961-9ff6fd6d4a29","name":"Delivery API production","typeCodename":"api_server"},{"codename":"delivery_api_preview","id":"3b3fc80d-8802-4919-a452-b4c4a9737585","name":"Delivery API preview","typeCodename":"api_server"},{"codename":"depth","id":"c519f8dc-aa24-4222-8d5c-f5c40e01798e","name":"depth","typeCodename":"api_parameter"},{"codename":"elements","id":"245ff5bb-31c8-4f4a-b771-4c844c23ab57","name":"elements","typeCodename":"api_parameter"},{"codename":"language","id":"c3a0767c-1e30-4345-9f98-075c5248f363","name":"language","typeCodename":"api_parameter"},{"codename":"limit","id":"62bb50e1-ec1b-47ba-9c16-c5e6bd7b1091","name":"limit","typeCodename":"api_parameter"},{"codename":"order","id":"04b51d4c-5905-4c7c-ae4a-24e2762fa254","name":"order","typeCodename":"api_parameter"},{"codename":"skip","id":"9da9d893-6fc3-405a-a83f-ff93ca7a75f0","name":"skip","typeCodename":"api_parameter"},{"codename":"successful_items_listing_response","id":"f4d93ddb-d246-4bac-ab81-907670cdf12d","name":"Successful items listing response","typeCodename":"api_response_container"},{"codename":"uuid_string_schema","id":"14a2e024-a2ec-4bcc-9979-968acba72e75","name":"UUID string schema","typeCodename":"api_schema__string"},{"codename":"x_kc_wait_for_loading_new_content","id":"4779c9ca-7e93-496f-8994-e0a1ff28d961","name":"X-KC-Wait-For-Loading-New-Content","typeCodename":"api_parameter"}]