[{"itemCodename":"__pid__items","itemId":"6b8ef58c-e2b4-4ed5-8b38-52755be8624d","languageCodename":"default","elements":[{"value":"/{project_id}/items","elementCodename":"path","elementModel":{"codename":"path","type":"text","name":"Path","options":[]}},{"value":[{"name":"Delivery API","codename":"delivery_api"}],"elementCodename":"api_reference","elementModel":{"codename":"api_reference","type":"taxonomy","name":"API reference","options":[],"taxonomyGroup":"api_reference"}},{"value":["list_content_items"],"elementCodename":"path_operations","elementModel":{"codename":"path_operations","type":"modular_content","name":"Path operations","options":[]}}]},{"itemCodename":"list_content_items","itemId":"c102c780-bba8-4a4a-85f3-f759d0009d04","languageCodename":"default","elements":[{"value":["language","elements","order","depth","skip","limit","x_kc_wait_for_loading_new_content"],"elementCodename":"parameters","elementModel":{"codename":"parameters","type":"modular_content","name":"Parameters","options":[]}},{"value":"<p>Retrieve a list of content items in your project. By default, the content items are ordered alphabetically by codename.</p>","elementCodename":"description","elementModel":{"codename":"description","type":"rich_text","name":"Description","options":[]}},{"value":"List content items","elementCodename":"summary","elementModel":{"codename":"summary","type":"text","name":"Summary","options":[]}},{"value":"<p><br></p>","elementCodename":"request_body","elementModel":{"codename":"request_body","type":"rich_text","name":"Request body","options":[]}},{"value":[],"elementCodename":"deprecated","elementModel":{"codename":"deprecated","type":"multiple_choice","name":"Deprecated","options":[]}},{"value":"<object type=\"application/kenticocloud\" data-type=\"item\" data-rel=\"link\" data-codename=\"successful_items_listing_response\"></object>","elementCodename":"responses","elementModel":{"codename":"responses","type":"rich_text","name":"Responses","options":[]}},{"value":"list-content-items","elementCodename":"url","elementModel":{"codename":"url","type":"url_slug","name":"URL","options":[]}},{"value":["content_items"],"elementCodename":"category","elementModel":{"codename":"category","type":"modular_content","name":"Category","options":[]}},{"value":[{"name":"GET","codename":"get"}],"elementCodename":"path_operation","elementModel":{"codename":"path_operation","type":"taxonomy","name":"Path operation","options":[],"taxonomyGroup":"path_operation"}},{"value":[],"elementCodename":"code_samples","elementModel":{"codename":"code_samples","type":"modular_content","name":"Code samples","options":[]}},{"value":[{"name":"Delivery API","codename":"delivery_api"}],"elementCodename":"api_reference","elementModel":{"codename":"api_reference","type":"taxonomy","name":"API reference","options":[],"taxonomyGroup":"api_reference"}}]},{"itemCodename":"array_of_strings","itemId":"0a00be8c-1c36-4619-9518-aa6482108748","languageCodename":"default","elements":[{"value":"","elementCodename":"example","elementModel":{"codename":"example","type":"text","name":"Example","options":[]}},{"value":"StringArray","elementCodename":"name","elementModel":{"codename":"name","type":"text","name":"Name","options":[]}},{"value":"<object type=\"application/kenticocloud\" data-type=\"item\" data-rel=\"link\" data-codename=\"basic_string_schema\"></object>","elementCodename":"items","elementModel":{"codename":"items","type":"rich_text","name":"Items","options":[]}},{"value":"<p><br></p>","elementCodename":"description","elementModel":{"codename":"description","type":"rich_text","name":"Description","options":[]}},{"value":[],"elementCodename":"uniqueitems","elementModel":{"codename":"uniqueitems","type":"multiple_choice","name":"UniqueItems","options":[]}}]},{"itemCodename":"basic_string_schema","itemId":"076d7126-5775-4276-8711-ffdc31edf604","languageCodename":"default","elements":[{"value":"","elementCodename":"accepted_values","elementModel":{"codename":"accepted_values","type":"text","name":"Accepted values","options":[]}},{"value":null,"elementCodename":"maxlength","elementModel":{"codename":"maxlength","type":"number","name":"MaxLength","options":[]}},{"value":[],"elementCodename":"readonly","elementModel":{"codename":"readonly","type":"multiple_choice","name":"ReadOnly","options":[]}},{"value":"","elementCodename":"example","elementModel":{"codename":"example","type":"text","name":"Example","options":[]}},{"value":"","elementCodename":"name","elementModel":{"codename":"name","type":"text","name":"Name","options":[]}},{"value":"","elementCodename":"format","elementModel":{"codename":"format","type":"text","name":"Format","options":[]}},{"value":[],"elementCodename":"writeonly","elementModel":{"codename":"writeonly","type":"multiple_choice","name":"WriteOnly","options":[]}},{"value":"<p><br></p>","elementCodename":"description","elementModel":{"codename":"description","type":"rich_text","name":"Description","options":[]}},{"value":[],"elementCodename":"nullable","elementModel":{"codename":"nullable","type":"multiple_choice","name":"Nullable","options":[]}},{"value":null,"elementCodename":"minlength","elementModel":{"codename":"minlength","type":"number","name":"MinLength","options":[]}},{"value":"","elementCodename":"default","elementModel":{"codename":"default","type":"text","name":"Default","options":[]}}]},{"itemCodename":"basic_integer_schema","itemId":"6507a4aa-8d1f-4e91-8b10-d6abd7ecd76c","languageCodename":"default","elements":[{"value":"int32","elementCodename":"format","elementModel":{"codename":"format","type":"text","name":"Format","options":[]}},{"value":[],"elementCodename":"readonly","elementModel":{"codename":"readonly","type":"multiple_choice","name":"ReadOnly","options":[]}},{"value":"","elementCodename":"example","elementModel":{"codename":"example","type":"text","name":"Example","options":[]}},{"value":"","elementCodename":"name","elementModel":{"codename":"name","type":"text","name":"Name","options":[]}},{"value":null,"elementCodename":"maximum","elementModel":{"codename":"maximum","type":"number","name":"Maximum","options":[]}},{"value":"","elementCodename":"accepted_values","elementModel":{"codename":"accepted_values","type":"text","name":"Accepted values","options":[]}},{"value":[],"elementCodename":"writeonly","elementModel":{"codename":"writeonly","type":"multiple_choice","name":"WriteOnly","options":[]}},{"value":null,"elementCodename":"default","elementModel":{"codename":"default","type":"number","name":"Default","options":[]}},{"value":"<p><br></p>","elementCodename":"description","elementModel":{"codename":"description","type":"rich_text","name":"Description","options":[]}},{"value":[],"elementCodename":"nullable","elementModel":{"codename":"nullable","type":"multiple_choice","name":"Nullable","options":[]}},{"value":null,"elementCodename":"minimum","elementModel":{"codename":"minimum","type":"number","name":"Minimum","options":[]}}]},{"itemCodename":"contact_information","itemId":"e191bceb-d1c5-4389-8aae-294ff75f74f2","languageCodename":"default","elements":[{"value":[{"name":"Delivery API","codename":"delivery_api"}],"elementCodename":"api_reference","elementModel":{"codename":"api_reference","type":"taxonomy","name":"API reference","options":[],"taxonomyGroup":"api_reference"}},{"value":"cloud@kentico.com","elementCodename":"email","elementModel":{"codename":"email","type":"text","name":"Email","options":[]}},{"value":"Kentico Cloud","elementCodename":"name","elementModel":{"codename":"name","type":"text","name":"Name","options":[]}},{"value":"https://kenticocloud.com/contact","elementCodename":"url","elementModel":{"codename":"url","type":"text","name":"URL","options":[]}}]},{"itemCodename":"content_filtering","itemId":"a1b742bc-c3f6-4a98-9994-146b5fdddde8","languageCodename":"default","elements":[{"value":[{"name":"Delivery API","codename":"delivery_api"}],"elementCodename":"api_reference","elementModel":{"codename":"api_reference","type":"taxonomy","name":"API reference","options":[],"taxonomyGroup":"api_reference"}},{"value":"filtering","elementCodename":"url","elementModel":{"codename":"url","type":"url_slug","name":"URL","options":[]}},{"value":"<p>When&nbsp;<a data-item-id=\"c102c780-bba8-4a4a-85f3-f759d0009d04\" href=\"\">retrieving a list of content items</a>&nbsp;from your project, you can filter large sets of content items by building query parameters from content elements and system attributes. Note that filtering does NOT apply to content items returned within the&nbsp;modular_content&nbsp;collection (see&nbsp;<a data-item-id=\"f4d93ddb-d246-4bac-ab81-907670cdf12d\" href=\"\">Content items listing response</a>).</p>","elementCodename":"description","elementModel":{"codename":"description","type":"rich_text","name":"Description","options":[]}},{"value":"Filtering","elementCodename":"name","elementModel":{"codename":"name","type":"text","name":"Name","options":[]}}]},{"itemCodename":"content_items","itemId":"f9033246-152b-4fef-9c45-f084dda8d002","languageCodename":"default","elements":[{"value":[{"name":"Delivery API","codename":"delivery_api"}],"elementCodename":"api_reference","elementModel":{"codename":"api_reference","type":"taxonomy","name":"API reference","options":[],"taxonomyGroup":"api_reference"}},{"value":"content-items","elementCodename":"url","elementModel":{"codename":"url","type":"url_slug","name":"URL","options":[]}},{"value":"<p>Every content item in a JSON response from the Delivery API contains a&nbsp;{~system~}&nbsp;attribute. This attribute represents the System object with information about the retrieved content item.</p>","elementCodename":"description","elementModel":{"codename":"description","type":"rich_text","name":"Description","options":[]}},{"value":"Content items","elementCodename":"name","elementModel":{"codename":"name","type":"text","name":"Name","options":[]}}]},{"itemCodename":"content_items_listing_response","itemId":"743aae51-774a-4744-bc6a-aa435f6d1b8e","languageCodename":"default","elements":[{"value":[],"elementCodename":"headers","elementModel":{"codename":"headers","type":"modular_content","name":"Headers","options":[]}},{"value":[{"name":"Delivery API","codename":"delivery_api"}],"elementCodename":"api_reference","elementModel":{"codename":"api_reference","type":"taxonomy","name":"API reference","options":[],"taxonomyGroup":"api_reference"}},{"value":"<p><br></p>","elementCodename":"content","elementModel":{"codename":"content","type":"rich_text","name":"Content","options":[]}},{"value":"<p>A&nbsp;listing response&nbsp;object with a collection of content items. If your query does not match any content items, the API returns a standard listing response with empty&nbsp;{~items~} and&nbsp;{~modular_content~}&nbsp;(linked content) attributes.</p>","elementCodename":"description","elementModel":{"codename":"description","type":"rich_text","name":"Description","options":[]}}]},{"itemCodename":"delivery_api","itemId":"ec893565-cf43-496b-81d9-bbcba51357e2","languageCodename":"default","elements":[{"value":"","elementCodename":"terms_of_service","elementModel":{"codename":"terms_of_service","type":"text","name":"Terms of Service","options":[]}},{"value":"delivery-api","elementCodename":"url","elementModel":{"codename":"url","type":"url_slug","name":"URL","options":[]}},{"value":[],"elementCodename":"license","elementModel":{"codename":"license","type":"modular_content","name":"License","options":[]}},{"value":"<p>The Delivery API is a read-only REST API that serves published content from your Kentico Cloud projects.</p>\n<p>Use the API to deliver large amounts of content to your website or app. The content is cached on the CDN level, which makes it quickly available from wherever you are. The Delivery API provides&nbsp;<a href=\"https://developer.kenticocloud.com/reference#content-filtering\">content filtering</a>&nbsp;options that allow you to retrieve only the parts of the content you need.</p>\n<p>All requests to the API must be made securely with HTTPS with&nbsp;<a href=\"https://github.com/Kentico/delivery-sdk-net/wiki/Fixing-error:-Could-not-create-SSL-TLS-secure-channel\">TLS 1.2</a>.</p>","elementCodename":"description","elementModel":{"codename":"description","type":"rich_text","name":"Description","options":[]}},{"value":["content_items","content_filtering"],"elementCodename":"categories","elementModel":{"codename":"categories","type":"modular_content","name":"Categories","options":[]}},{"value":[{"name":"Delivery API","codename":"delivery_api"}],"elementCodename":"api_reference","elementModel":{"codename":"api_reference","type":"taxonomy","name":"API reference","options":[],"taxonomyGroup":"api_reference"}},{"value":["security"],"elementCodename":"security","elementModel":{"codename":"security","type":"modular_content","name":"Security","options":[]}},{"value":"<object type=\"application/kenticocloud\" data-type=\"item\" data-rel=\"link\" data-codename=\"delivery_api_production\"></object>\n<object type=\"application/kenticocloud\" data-type=\"item\" data-rel=\"link\" data-codename=\"delivery_api_preview\"></object>","elementCodename":"servers","elementModel":{"codename":"servers","type":"rich_text","name":"Servers","options":[]}},{"value":"Delivery API","elementCodename":"title","elementModel":{"codename":"title","type":"text","name":"Title","options":[]}},{"value":["__pid__items"],"elementCodename":"paths","elementModel":{"codename":"paths","type":"modular_content","name":"Paths","options":[]}},{"value":["contact_information"],"elementCodename":"contact","elementModel":{"codename":"contact","type":"modular_content","name":"Contact","options":[]}},{"value":[{"name":"Public","codename":"public"}],"elementCodename":"feature_release_status","elementModel":{"codename":"feature_release_status","type":"taxonomy","name":"Feature release status","options":[],"taxonomyGroup":"feature_release_status"}},{"value":"1","elementCodename":"version","elementModel":{"codename":"version","type":"text","name":"Version","options":[]}}]},{"itemCodename":"security","itemId":"49b19bfb-8409-4028-9c68-01a28548a66b","languageCodename":"default","elements":[{"value":[{"name":"Delivery API","codename":"delivery_api"}],"elementCodename":"api_reference","elementModel":{"codename":"api_reference","type":"taxonomy","name":"API reference","options":[],"taxonomyGroup":"api_reference"}},{"value":[{"name":"apiKey","codename":"apikey"}],"elementCodename":"type","elementModel":{"codename":"type","type":"multiple_choice","name":"Type","options":[]}},{"value":"authorization","elementCodename":"scheme","elementModel":{"codename":"scheme","type":"text","name":"Scheme","options":[]}},{"value":"Bearer <YOUR_PREVIEW_API_KEY>","elementCodename":"bearerformat","elementModel":{"codename":"bearerformat","type":"text","name":"BearerFormat","options":[]}},{"value":"delivery-security-scheme","elementCodename":"scheme_name","elementModel":{"codename":"scheme_name","type":"text","name":"Scheme name","options":[]}},{"value":"Preview API ","elementCodename":"name","elementModel":{"codename":"name","type":"text","name":"Name","options":[]}},{"value":[{"name":"header","codename":"header"}],"elementCodename":"in","elementModel":{"codename":"in","type":"multiple_choice","name":"In","options":[]}},{"value":"<p>When you want to user Delivery API for previewing unpublished content.</p>","elementCodename":"description","elementModel":{"codename":"description","type":"rich_text","name":"Description","options":[]}}]},{"itemCodename":"delivery_api_production","itemId":"fec87821-a6af-4238-8961-9ff6fd6d4a29","languageCodename":"default","elements":[{"value":"Delivery API production","elementCodename":"description","elementModel":{"codename":"description","type":"text","name":"Description","options":[]}},{"value":"https://deliver.kenticocloud.com/","elementCodename":"url","elementModel":{"codename":"url","type":"text","name":"URL","options":[]}}]},{"itemCodename":"delivery_api_preview","itemId":"3b3fc80d-8802-4919-a452-b4c4a9737585","languageCodename":"default","elements":[{"value":"Delivery API preview","elementCodename":"description","elementModel":{"codename":"description","type":"text","name":"Description","options":[]}},{"value":"https://preview-deliver.kenticocloud.com/","elementCodename":"url","elementModel":{"codename":"url","type":"text","name":"URL","options":[]}}]},{"itemCodename":"depth","itemId":"c519f8dc-aa24-4222-8d5c-f5c40e01798e","languageCodename":"default","elements":[{"value":["basic_integer_schema"],"elementCodename":"schema","elementModel":{"codename":"schema","type":"modular_content","name":"Schema","options":[]}},{"value":"<p>Content items can use&nbsp;Linked items&nbsp;and&nbsp;Rich text&nbsp;elements to reference other content items. By default, only the first level of linked items is returned. If you need to exclude all linked items from the response, set the parameter to&nbsp;{~0~}. Components are always present in response.&nbsp;</p>","elementCodename":"description","elementModel":{"codename":"description","type":"rich_text","name":"Description","options":[]}},{"value":[{"name":"query","codename":"query"}],"elementCodename":"in","elementModel":{"codename":"in","type":"multiple_choice","name":"In","options":[]}},{"value":[],"elementCodename":"deprecated","elementModel":{"codename":"deprecated","type":"multiple_choice","name":"Deprecated","options":[]}},{"value":"1","elementCodename":"example","elementModel":{"codename":"example","type":"text","name":"Example","options":[]}},{"value":[{"name":"Delivery API","codename":"delivery_api"}],"elementCodename":"api_reference","elementModel":{"codename":"api_reference","type":"taxonomy","name":"API reference","options":[],"taxonomyGroup":"api_reference"}},{"value":[],"elementCodename":"style","elementModel":{"codename":"style","type":"multiple_choice","name":"Style","options":[]}},{"value":[],"elementCodename":"required","elementModel":{"codename":"required","type":"multiple_choice","name":"Required","options":[]}},{"value":"depth","elementCodename":"name","elementModel":{"codename":"name","type":"text","name":"Name","options":[]}},{"value":[],"elementCodename":"explode","elementModel":{"codename":"explode","type":"multiple_choice","name":"Explode","options":[]}}]},{"itemCodename":"elements","itemId":"245ff5bb-31c8-4f4a-b771-4c844c23ab57","languageCodename":"default","elements":[{"value":["array_of_strings"],"elementCodename":"schema","elementModel":{"codename":"schema","type":"modular_content","name":"Schema","options":[]}},{"value":"<p>A comma-separated list of content type element codenames. Use this parameter to choose which elements to retrieve. If not specified, all elements are retrieved. See&nbsp;Projection.</p>","elementCodename":"description","elementModel":{"codename":"description","type":"rich_text","name":"Description","options":[]}},{"value":[{"name":"query","codename":"query"}],"elementCodename":"in","elementModel":{"codename":"in","type":"multiple_choice","name":"In","options":[]}},{"value":[],"elementCodename":"deprecated","elementModel":{"codename":"deprecated","type":"multiple_choice","name":"Deprecated","options":[]}},{"value":"title,summary,post_date,teaser_image","elementCodename":"example","elementModel":{"codename":"example","type":"text","name":"Example","options":[]}},{"value":[{"name":"Delivery API","codename":"delivery_api"}],"elementCodename":"api_reference","elementModel":{"codename":"api_reference","type":"taxonomy","name":"API reference","options":[],"taxonomyGroup":"api_reference"}},{"value":[{"name":"form","codename":"form"}],"elementCodename":"style","elementModel":{"codename":"style","type":"multiple_choice","name":"Style","options":[]}},{"value":[],"elementCodename":"required","elementModel":{"codename":"required","type":"multiple_choice","name":"Required","options":[]}},{"value":"elements","elementCodename":"name","elementModel":{"codename":"name","type":"text","name":"Name","options":[]}},{"value":[{"name":"true","codename":"true"}],"elementCodename":"explode","elementModel":{"codename":"explode","type":"multiple_choice","name":"Explode","options":[]}}]},{"itemCodename":"language","itemId":"c3a0767c-1e30-4345-9f98-075c5248f363","languageCodename":"default","elements":[{"value":["basic_string_schema"],"elementCodename":"schema","elementModel":{"codename":"schema","type":"modular_content","name":"Schema","options":[]}},{"value":"<p>Determines which language variant of content to return. By default, the API returns content in the default project language. If the requested content is not available in the specified language variant, the API follows the&nbsp;language fallbacks&nbsp;as configured in the&nbsp;Localization&nbsp;settings of your project.</p>","elementCodename":"description","elementModel":{"codename":"description","type":"rich_text","name":"Description","options":[]}},{"value":[{"name":"query","codename":"query"}],"elementCodename":"in","elementModel":{"codename":"in","type":"multiple_choice","name":"In","options":[]}},{"value":[],"elementCodename":"deprecated","elementModel":{"codename":"deprecated","type":"multiple_choice","name":"Deprecated","options":[]}},{"value":"en-US","elementCodename":"example","elementModel":{"codename":"example","type":"text","name":"Example","options":[]}},{"value":[{"name":"Delivery API","codename":"delivery_api"}],"elementCodename":"api_reference","elementModel":{"codename":"api_reference","type":"taxonomy","name":"API reference","options":[],"taxonomyGroup":"api_reference"}},{"value":[],"elementCodename":"style","elementModel":{"codename":"style","type":"multiple_choice","name":"Style","options":[]}},{"value":[],"elementCodename":"required","elementModel":{"codename":"required","type":"multiple_choice","name":"Required","options":[]}},{"value":"language","elementCodename":"name","elementModel":{"codename":"name","type":"text","name":"Name","options":[]}},{"value":[],"elementCodename":"explode","elementModel":{"codename":"explode","type":"multiple_choice","name":"Explode","options":[]}}]},{"itemCodename":"limit","itemId":"62bb50e1-ec1b-47ba-9c16-c5e6bd7b1091","languageCodename":"default","elements":[{"value":["basic_integer_schema"],"elementCodename":"schema","elementModel":{"codename":"schema","type":"modular_content","name":"Schema","options":[]}},{"value":"<p>Number of content items to retrieve in a single request. If the&nbsp;limit&nbsp;is lower than the total number of items matching your query, the&nbsp;{~next_page~}&nbsp;attribute in the&nbsp;Pagination&nbsp;object will contain a URL to the next page of results.</p>","elementCodename":"description","elementModel":{"codename":"description","type":"rich_text","name":"Description","options":[]}},{"value":[{"name":"query","codename":"query"}],"elementCodename":"in","elementModel":{"codename":"in","type":"multiple_choice","name":"In","options":[]}},{"value":[],"elementCodename":"deprecated","elementModel":{"codename":"deprecated","type":"multiple_choice","name":"Deprecated","options":[]}},{"value":"10","elementCodename":"example","elementModel":{"codename":"example","type":"text","name":"Example","options":[]}},{"value":[{"name":"Delivery API","codename":"delivery_api"}],"elementCodename":"api_reference","elementModel":{"codename":"api_reference","type":"taxonomy","name":"API reference","options":[],"taxonomyGroup":"api_reference"}},{"value":[],"elementCodename":"style","elementModel":{"codename":"style","type":"multiple_choice","name":"Style","options":[]}},{"value":[],"elementCodename":"required","elementModel":{"codename":"required","type":"multiple_choice","name":"Required","options":[]}},{"value":"limit","elementCodename":"name","elementModel":{"codename":"name","type":"text","name":"Name","options":[]}},{"value":[],"elementCodename":"explode","elementModel":{"codename":"explode","type":"multiple_choice","name":"Explode","options":[]}}]},{"itemCodename":"order","itemId":"04b51d4c-5905-4c7c-ae4a-24e2762fa254","languageCodename":"default","elements":[{"value":["basic_string_schema"],"elementCodename":"schema","elementModel":{"codename":"schema","type":"modular_content","name":"Schema","options":[]}},{"value":"<p>Order of the retrieved content items. By default, the items are sorted alphabetically by their codenames from A to Z in descending order. You can use both the&nbsp;system&nbsp;and&nbsp;element&nbsp;attributes to sort data.</p>\n<p>To sort content items in the ascending order, use {~&lt;attribute&gt;[asc]~}&nbsp;as the parameter value. Similarly, to sort in the descending order, use the&nbsp;[desc] modifier.</p>\n<p><strong>Examples</strong></p>\n<ul>\n  <li>Sort by date –&nbsp;{~order=system.last_modified[asc]~}</li>\n  <li>Sort by content item name –&nbsp;{~order=system.name[asc]~}</li>\n  <li>Sort by element value –&nbsp;{~order=elements.&lt;element_codename&gt;[desc]~}</li>\n</ul>","elementCodename":"description","elementModel":{"codename":"description","type":"rich_text","name":"Description","options":[]}},{"value":[{"name":"query","codename":"query"}],"elementCodename":"in","elementModel":{"codename":"in","type":"multiple_choice","name":"In","options":[]}},{"value":[],"elementCodename":"deprecated","elementModel":{"codename":"deprecated","type":"multiple_choice","name":"Deprecated","options":[]}},{"value":"elements.post_date[desc]","elementCodename":"example","elementModel":{"codename":"example","type":"text","name":"Example","options":[]}},{"value":[{"name":"Delivery API","codename":"delivery_api"}],"elementCodename":"api_reference","elementModel":{"codename":"api_reference","type":"taxonomy","name":"API reference","options":[],"taxonomyGroup":"api_reference"}},{"value":[],"elementCodename":"style","elementModel":{"codename":"style","type":"multiple_choice","name":"Style","options":[]}},{"value":[],"elementCodename":"required","elementModel":{"codename":"required","type":"multiple_choice","name":"Required","options":[]}},{"value":"order","elementCodename":"name","elementModel":{"codename":"name","type":"text","name":"Name","options":[]}},{"value":[],"elementCodename":"explode","elementModel":{"codename":"explode","type":"multiple_choice","name":"Explode","options":[]}}]},{"itemCodename":"skip","itemId":"9da9d893-6fc3-405a-a83f-ff93ca7a75f0","languageCodename":"default","elements":[{"value":["basic_integer_schema"],"elementCodename":"schema","elementModel":{"codename":"schema","type":"modular_content","name":"Schema","options":[]}},{"value":"<p>Number of items to skip from the response.</p>","elementCodename":"description","elementModel":{"codename":"description","type":"rich_text","name":"Description","options":[]}},{"value":[{"name":"query","codename":"query"}],"elementCodename":"in","elementModel":{"codename":"in","type":"multiple_choice","name":"In","options":[]}},{"value":[],"elementCodename":"deprecated","elementModel":{"codename":"deprecated","type":"multiple_choice","name":"Deprecated","options":[]}},{"value":"10","elementCodename":"example","elementModel":{"codename":"example","type":"text","name":"Example","options":[]}},{"value":[{"name":"Delivery API","codename":"delivery_api"}],"elementCodename":"api_reference","elementModel":{"codename":"api_reference","type":"taxonomy","name":"API reference","options":[],"taxonomyGroup":"api_reference"}},{"value":[],"elementCodename":"style","elementModel":{"codename":"style","type":"multiple_choice","name":"Style","options":[]}},{"value":[],"elementCodename":"required","elementModel":{"codename":"required","type":"multiple_choice","name":"Required","options":[]}},{"value":"skip","elementCodename":"name","elementModel":{"codename":"name","type":"text","name":"Name","options":[]}},{"value":[],"elementCodename":"explode","elementModel":{"codename":"explode","type":"multiple_choice","name":"Explode","options":[]}}]},{"itemCodename":"successful_items_listing_response","itemId":"f4d93ddb-d246-4bac-ab81-907670cdf12d","languageCodename":"default","elements":[{"value":[{"name":"200","codename":"n200"}],"elementCodename":"http_status","elementModel":{"codename":"http_status","type":"multiple_choice","name":"HTTP status","options":[]}},{"value":"<object type=\"application/kenticocloud\" data-type=\"item\" data-rel=\"link\" data-codename=\"content_items_listing_response\"></object>","elementCodename":"response","elementModel":{"codename":"response","type":"rich_text","name":"Response","options":[]}}]},{"itemCodename":"uuid_string_schema","itemId":"14a2e024-a2ec-4bcc-9979-968acba72e75","languageCodename":"default","elements":[{"value":"","elementCodename":"accepted_values","elementModel":{"codename":"accepted_values","type":"text","name":"Accepted values","options":[]}},{"value":null,"elementCodename":"maxlength","elementModel":{"codename":"maxlength","type":"number","name":"MaxLength","options":[]}},{"value":[],"elementCodename":"readonly","elementModel":{"codename":"readonly","type":"multiple_choice","name":"ReadOnly","options":[]}},{"value":"","elementCodename":"example","elementModel":{"codename":"example","type":"text","name":"Example","options":[]}},{"value":"","elementCodename":"name","elementModel":{"codename":"name","type":"text","name":"Name","options":[]}},{"value":"uuid","elementCodename":"format","elementModel":{"codename":"format","type":"text","name":"Format","options":[]}},{"value":[],"elementCodename":"writeonly","elementModel":{"codename":"writeonly","type":"multiple_choice","name":"WriteOnly","options":[]}},{"value":"<p><br></p>","elementCodename":"description","elementModel":{"codename":"description","type":"rich_text","name":"Description","options":[]}},{"value":[],"elementCodename":"nullable","elementModel":{"codename":"nullable","type":"multiple_choice","name":"Nullable","options":[]}},{"value":null,"elementCodename":"minlength","elementModel":{"codename":"minlength","type":"number","name":"MinLength","options":[]}},{"value":"","elementCodename":"default","elementModel":{"codename":"default","type":"text","name":"Default","options":[]}}]},{"itemCodename":"x_kc_wait_for_loading_new_content","itemId":"4779c9ca-7e93-496f-8994-e0a1ff28d961","languageCodename":"default","elements":[{"value":["basic_string_schema"],"elementCodename":"schema","elementModel":{"codename":"schema","type":"modular_content","name":"Schema","options":[]}},{"value":"<p>If the requested content has changed since the last request, the header determines whether to wait while fetching content. This can be useful when retrieving changed content in reaction to a&nbsp;<a href=\"https://developer.kenticocloud.com/docs/webhooks\">webhook</a>&nbsp;call. By default, when the header is not set, the API serves old content (if cached by the CDN) while it's fetching the new content to minimize wait time. To always fetch new content, set the header value to&nbsp;{~true~}.</p>","elementCodename":"description","elementModel":{"codename":"description","type":"rich_text","name":"Description","options":[]}},{"value":[{"name":"header","codename":"header"}],"elementCodename":"in","elementModel":{"codename":"in","type":"multiple_choice","name":"In","options":[]}},{"value":[],"elementCodename":"deprecated","elementModel":{"codename":"deprecated","type":"multiple_choice","name":"Deprecated","options":[]}},{"value":"true","elementCodename":"example","elementModel":{"codename":"example","type":"text","name":"Example","options":[]}},{"value":[{"name":"Delivery API","codename":"delivery_api"}],"elementCodename":"api_reference","elementModel":{"codename":"api_reference","type":"taxonomy","name":"API reference","options":[],"taxonomyGroup":"api_reference"}},{"value":[],"elementCodename":"style","elementModel":{"codename":"style","type":"multiple_choice","name":"Style","options":[]}},{"value":[],"elementCodename":"required","elementModel":{"codename":"required","type":"multiple_choice","name":"Required","options":[]}},{"value":"X-KC-Wait-For-Loading-New-Content","elementCodename":"name","elementModel":{"codename":"name","type":"text","name":"Name","options":[]}},{"value":[],"elementCodename":"explode","elementModel":{"codename":"explode","type":"multiple_choice","name":"Explode","options":[]}}]}]