[{"system":{"name":"API reference","codename":"api_reference","id":"fc26f006-2be4-4a74-9063-a1410f7cca4f","lastModified":"2019-06-07T13:02:01.5666594Z"},"terms":[{"codename":"content_management_api_v1","name":"Content Management API v1","terms":[]},{"codename":"content_management_api_v2","name":"Content Management API v2","terms":[]},{"codename":"content_recommendation_api","name":"Content Recommendation API","terms":[]},{"codename":"delivery_api","name":"Delivery API","terms":[]}]},{"system":{"name":"Feature release status","codename":"feature_release_status","id":"2d4abf3c-31e8-4353-ae9c-e68204a59640","lastModified":"2019-06-07T13:02:01.9885483Z"},"terms":[{"codename":"experimental","name":"Experimental","terms":[]},{"codename":"alpha","name":"Alpha","terms":[]},{"codename":"beta","name":"Beta","terms":[]},{"codename":"public","name":"Public","terms":[]},{"codename":"deprecated","name":"Deprecated","terms":[]}]},{"system":{"name":"Path operation","codename":"path_operation","id":"846dd21e-f2b4-4aea-a9a6-70e74fc4126d","lastModified":"2019-06-07T13:02:02.3635363Z"},"terms":[{"codename":"get","name":"GET","terms":[]},{"codename":"post","name":"POST","terms":[]},{"codename":"put","name":"PUT","terms":[]},{"codename":"delete","name":"DELETE","terms":[]},{"codename":"patch","name":"PATCH","terms":[]}]},{"system":{"name":"Platform","codename":"platform","id":"8982fae8-0af0-4246-8c6d-bd003801cabd","lastModified":"2019-06-07T13:02:02.7701706Z"},"terms":[{"codename":"rest","name":"REST","terms":[]},{"codename":"_net","name":".NET","terms":[]}]},{"system":{"name":"Programming language","codename":"programming_language","id":"d9005570-77ba-4013-8828-f9621bc97da6","lastModified":"2019-06-07T13:02:03.0983137Z"},"terms":[{"codename":"c_","name":"C#","terms":[]},{"codename":"curl","name":"cURL","terms":[]}]}]